,Adult,P21
Atxn10,3.39882162545317,2.75299333182614
Fbln1,0.0335451587604084,0.0339669936058112
