gene,p_val,avg_log2FC,pct.1,pct.2,p_val_adj
Fbln1,0.152291191007022,0.01132295250341884,0.004,0,1
Atxn10,0.1932478514303397,0.1934561571675255,0.41,0.448,1
